lat,lon,amplitude_1014kgm,year,month,day,hour,minute,second,lat2,lon2,Msurf,Region Number,ID
68.63,-32.94,1.97,1993,1,24,10,21,4,68.5,-33.5,5.1,1,E199301241021
65.23,-40.87,0.63,1993,7,26,12,26,40,65.75,-41.25,4.9,3,E199307261226
68.58,-32.9,0.75,1993,8,5,2,0,40,68.75,-32.75,4.9,1,E199308050200
68.66,-33.12,0.6,1993,8,24,2,56,0,67,-35,4.8,1,E199308240256
66.38,-37.72,0.35,1993,10,19,21,10,0,66.5,-37.5,4.8,2,E199310192110
68.66,-32.93,1.03,1993,11,30,7,33,52,67.5,-33.5,5,1,E199311300733
68.68,-32.93,1.18,1993,12,10,15,24,56,67.25,-34.25,5,1,E199312101524
68.62,-32.96,0.6,1994,3,31,0,7,4,68.5,-33.5,4.8,1,E199403310007
65.35,-41.03,0.58,1994,4,6,18,1,28,65.75,-41.25,4.8,3,E199404061801
65.23,-41.12,0.15,1994,8,16,8,58,48,65.25,-40.75,4.7,3,E199408160858
68.63,-32.88,1.09,1994,8,21,8,36,48,68.5,-33.5,5,1,E199408210836
71.92,-28.45,0.39,1994,8,21,9,46,56,72.5,-28.5,4.8,0,E199408210946
71.77,-51.9,0.3,1994,8,26,6,11,28,72.25,-51.25,4.9,6,E199408260611
68.65,-32.99,0.77,1994,11,26,4,11,4,69.25,-31.25,4.9,1,E199411260411
68.59,-32.78,0.17,1995,7,18,5,30,56,69,-31,4.9,1,E199507180530
68.62,-32.78,0.48,1995,7,24,23,3,52,67.25,-33.25,4.8,1,E199507242303
71.92,-29.58,0.65,1995,8,3,4,21,52,72.75,-28.75,4.9,0,E199508030421
68.63,-33.22,0.83,1995,9,4,0,25,12,69,-33,5,1,E199509040025
68.56,-32.9,0.71,1995,10,6,3,7,36,68,-38,4.9,1,E199510060307
68.64,-32.92,1.7,1995,11,8,22,20,32,70.5,-27.5,5,1,E199511082220
73.53,-54.76,0.4,1995,11,12,2,27,20,73.75,-56.25,4.7,5a,E199511120227
68.54,-32.97,1.34,1995,12,11,9,35,44,68.5,-31.5,5,1,E199512110935
68.55,-33.06,0.68,1996,1,28,16,14,8,68.25,-32.75,4.9,1,E199601281614
66.53,-38.44,0.4,1996,5,14,13,50,16,66.25,-38.25,4.8,2,E199605141350
68.76,-33.69,0.6,1996,6,26,18,29,28,68.25,-33.25,4.9,1,E199606261829
68.67,-33.05,1.02,1996,7,19,18,37,28,67.5,-33.5,4.9,1,E199607191837
66.25,-38.18,0.31,1996,7,25,23,26,8,66.25,-37.75,4.8,2,E199607252326
66.47,-38.1,0.28,1996,8,8,2,47,4,68,-38,4.7,2,E199608080247
68.6,-33.22,1.52,1996,10,4,22,4,48,69.25,-32.25,4.9,1,E199610042204
66.43,-38.18,0.52,1996,11,6,3,46,0,67.5,-38.5,4.8,2,E199611060346
66.47,-38.08,0.58,1996,11,30,13,35,44,65.75,-38.25,4.9,2,E199611301335
68.74,-32.93,1.09,1996,12,7,1,42,32,66.75,-34.25,5.1,1,E199612070142
68.63,-32.87,0.46,1997,3,16,14,52,40,68.25,-33.25,4.9,1,E199703161452
71.77,-51.6,0.47,1997,3,28,2,28,16,71.75,-51.25,4.9,6,E199703280228
68.72,-32.94,0.33,1997,4,7,7,0,32,68.25,-33.25,4.8,1,E199704070700
65.31,-41.16,0.32,1997,5,4,16,28,48,65.75,-40.25,4.8,3,E199705041628
68.56,-32.67,0.32,1997,7,15,6,54,48,69,-33,4.8,1,E199707150654
71.81,-29.17,0.45,1997,8,15,12,1,28,72.25,-30.25,4.9,0,E199708151201
68.65,-32.91,0.68,1997,8,20,13,28,40,68.75,-32.75,4.9,1,E199708201328
71.78,-51.63,0.63,1997,9,6,3,45,52,71.75,-52.25,5,6,E199709060345
68.64,-33.1,0.94,1997,9,12,3,59,20,69.25,-32.75,5,1,E199709120359
68.74,-33.36,0.73,1997,9,24,22,9,12,68.25,-33.25,4.9,1,E199709242209
66.37,-38.3,0.38,1997,10,1,17,41,28,67,-39,4.7,2,E199710011741
65.36,-41.2,0.21,1998,5,1,22,19,36,65.75,-40.75,4.7,3,E199805012219
66.4,-38.02,0.22,1998,6,3,15,9,28,66.5,-38.5,4.8,2,E199806031509
69.32,-50.08,0.46,1998,6,6,16,39,44,69.75,-49.75,4.9,7,E199806061639
69.34,-50.27,0.46,1998,6,11,0,18,56,69.75,-50.75,4.9,7,E199806110018
66.43,-38.08,0.34,1998,6,13,18,11,52,66.25,-38.25,4.8,2,E199806131811
69.14,-49.3,0.4,1998,6,29,15,16,56,69.5,-49.5,4.7,7,E199806291516
66.37,-38.02,0.31,1998,7,8,9,31,12,66.75,-38.25,4.8,2,E199807080931
69.32,-50.05,0.29,1998,7,21,6,30,16,69,-49,4.8,7,E199807210630
69.28,-49.3,0.27,1998,7,25,0,49,4,69,-49,4.7,7,E199807250049
69.29,-49.77,0.3,1998,7,28,0,37,28,69.5,-49.5,4.8,7,E199807280037
68.63,-32.75,0.24,1998,9,20,3,36,0,68.25,-33.75,4.7,1,E199809200336
68.92,-32.98,0.97,1998,10,13,22,12,48,68.75,-32.25,5,1,E199810132212
68.8,-33.06,0.72,1998,10,27,3,30,24,68.75,-32.75,5,1,E199810270330
68.74,-32.95,0.52,1999,1,22,14,0,48,68.25,-34.25,4.8,1,E199901221400
71.83,-51.54,0.64,1999,4,19,23,0,24,71.75,-51.25,4.9,6,E199904192300
71.81,-51.73,0.57,1999,4,21,3,49,36,69.25,-51.75,4.8,6,E199904210349
69.3,-49.63,0.59,1999,4,24,12,17,28,69.5,-50.5,4.9,7,E199904241217
69.2,-49.88,0.26,1999,5,2,23,16,24,69.75,-49.75,4.7,7,E199905022316
69.27,-49.63,0.28,1999,5,20,11,34,56,68.75,-49.75,4.8,7,E199905201134
69.32,-50.06,0.45,1999,6,9,14,49,4,70.5,-49.5,4.8,7,E199906091449
66.58,-38.23,0.34,1999,7,18,6,30,32,66.5,-38.5,4.8,2,E199907180630
69.28,-49.84,0.34,1999,8,14,14,4,56,68.75,-50.25,4.9,7,E199908141404
66.44,-38.03,0.39,1999,9,2,9,16,56,66.75,-38.25,4.8,2,E199909020916
68.66,-32.83,0.82,1999,10,8,9,34,56,68.25,-32.75,4.9,1,E199910080934
68.78,-33.7,0.45,1999,11,15,22,56,8,68.25,-32.75,4.8,1,E199911152256
68.61,-32.67,0.61,1999,11,15,23,6,16,68.25,-32.75,4.9,1,E199911152306
66.29,-38.8,0.34,1999,12,21,4,40,16,65.5,-37.5,4.7,2,E199912210440
68.62,-32.9,0.68,2000,3,3,14,41,12,69.25,-30.75,4.8,1,E200003031441
68.75,-33.49,0.6,2000,3,3,14,57,12,68.5,-35.5,4.9,1,E200003031457
68.7,-32.78,0.62,2000,6,12,9,37,4,69.5,-31.5,4.8,1,E200006120937
71.98,-28.32,0.45,2000,7,2,10,36,48,71.75,-28.75,4.8,0,E200007021036
68.61,-32.81,1.22,2000,7,21,19,2,40,67.75,-34.25,5,1,E200007211902
75.4,-58.14,0.45,2000,8,16,21,24,48,75.5,-59.5,4.9,4c,E200008162124
65.3,-41.32,0.41,2000,9,4,11,57,28,66.5,-41.5,4.8,3,E200009041157
66.28,-38.05,0.32,2000,9,15,7,4,32,66.25,-37.75,4.8,2,E200009150704
73.53,-55.33,0.56,2000,9,17,2,18,8,73.5,-56.5,4.8,5a,E200009170218
68.69,-32.94,0.63,2000,10,20,2,1,4,69,-33,4.9,1,E200010200201
66.42,-37.95,0.33,2001,2,7,5,36,8,65.75,-37.75,4.8,2,E200102070536
73.07,-54.65,0.33,2001,7,2,1,14,24,72.75,-54.25,4.7,5b,E200107020114
66.48,-37.96,0.35,2001,7,6,3,25,44,66.5,-38.5,4.8,2,E200107060325
75.84,-58.22,0.32,2001,8,11,6,27,28,75.75,-59.25,4.8,4c,E200108110627
68.67,-32.93,0.78,2001,9,3,13,1,12,68.5,-34.5,4.9,1,E200109031301
68.67,-33.05,0.55,2001,10,1,16,37,36,68.75,-33.75,4.9,1,E200110011637
73.15,-54.21,0.21,2001,10,24,17,24,56,72.5,-54.5,4.6,5b,E200110241724
68.59,-33.03,1.15,2001,11,29,2,46,40,67.75,-32.25,5,1,E200111290246
68.69,-32.98,0.48,2001,12,20,7,27,4,69,-27,4.8,1,E200112200727
71.81,-51.77,0.32,2001,12,21,3,13,36,72.75,-53.75,4.8,6,E200112210313
66.45,-38.36,0.27,2001,12,26,19,39,52,66.25,-38.75,4.7,2,E200112261939
68.61,-32.78,0.87,2001,12,28,17,19,36,68.75,-33.25,5,1,E200112281719
68.62,-33.04,0.78,2002,2,27,15,43,4,69.5,-30.5,4.9,1,E200202271543
68.65,-33,0.76,2002,4,4,22,49,4,68.75,-33.25,4.9,1,E200204042249
66.44,-38.22,0.29,2002,4,19,21,50,8,67.25,-38.25,4.7,2,E200204192150
66.44,-38.3,0.35,2002,5,1,10,13,44,66.25,-38.25,4.8,2,E200205011013
66.4,-38.2,0.25,2002,5,12,18,6,24,66.75,-38.75,4.7,2,E200205121806
66.44,-38.21,0.27,2002,6,8,4,31,44,66.25,-38.25,4.7,2,E200206080431
66.5,-38.05,0.22,2002,6,8,18,2,16,66.25,-38.25,4.7,2,E200206081802
73.13,-54.25,0.47,2002,6,18,22,2,8,73.25,-57.25,4.8,5b,E200206182202
73.12,-54.52,0.45,2002,7,14,5,18,32,73,-55,4.8,5b,E200207140518
75.54,-58.26,0.29,2002,7,19,0,42,16,75,-57,4.7,4c,E200207190042
66.38,-38.34,0.3,2002,8,3,10,13,4,66.75,-38.25,4.8,2,E200208031013
68.8,-33.53,0.36,2002,9,20,2,0,16,68.5,-33.5,4.9,1,E200209200200
68.68,-33.15,0.38,2002,9,26,3,46,16,69,-33,4.8,1,E200209260346
76.03,-59.44,0.29,2002,10,2,22,25,44,76.5,-63.5,4.8,4b,E200210022225
75.53,-57.83,0.35,2002,11,14,12,50,56,75.75,-59.25,4.8,4c,E200211141250
68.68,-33.32,0.69,2003,2,3,21,44,0,68.5,-32.5,5,1,E200302032144
71.89,-51.21,0.39,2003,2,17,19,30,40,71.5,-52.5,4.8,6,E200302171930
75.92,-59.71,0.42,2003,3,10,21,17,36,75.5,-57.5,4.9,4b,E200303102117
75.64,-58.08,0.31,2003,3,26,9,21,4,75.75,-57.75,4.7,4c,E200303260921
71.81,-51.92,0.41,2003,4,1,8,29,44,71,-53,4.8,6,E200304010829
72.16,-28.65,0.55,2003,7,26,4,41,44,72.25,-28.75,4.8,0,E200307260441
66.3,-38.43,0.46,2003,8,3,23,40,40,66.25,-37.75,4.9,2,E200308032340
68.68,-33,0.41,2003,8,5,14,0,24,68.5,-33.5,4.8,1,E200308051400
68.47,-32.88,0.64,2003,8,13,8,51,12,68.25,-34.75,5,1,E200308130851
74.9,-56.18,0.28,2003,8,14,23,30,24,75,-57,4.7,4e,E200308142330
75.45,-58.1,0.32,2003,8,30,5,49,28,75.75,-58.75,4.7,4c,E200308300549
76.04,-59.81,0.43,2003,9,20,20,31,20,75.75,-60.25,4.8,4b,E200309202031
68.6,-32.97,0.36,2003,9,24,1,1,12,69.25,-32.25,4.8,1,E200309240101
68.69,-33.09,0.81,2003,9,24,1,32,0,69.25,-32.75,5,1,E200309240132
66.49,-38.52,0.42,2003,10,2,9,7,4,67.25,-37.25,4.8,2,E200310020907
68.56,-32.85,1.11,2003,10,5,3,7,52,68.5,-33.5,5,1,E200310050307
66.37,-38.38,0.56,2003,10,12,21,12,40,66.5,-38.5,4.9,2,E200310122112
68.75,-32.87,0.52,2003,10,18,16,10,56,68.5,-33.5,5,1,E200310181610
75.99,-59.24,0.35,2003,10,19,9,23,44,76.25,-60.75,4.8,4b,E200310190923
66.4,-38.24,0.43,2003,11,9,4,17,52,66.25,-38.25,4.8,2,E200311090417
75.87,-60,0.23,2004,1,7,14,37,4,75.75,-58.75,4.7,4b,E200401071437
67.87,-33.51,0.2,2004,1,27,6,15,52,68.25,-33.75,4.7,11,E200401270615
66.37,-38.54,0.21,2004,3,16,14,1,36,66.5,-38.5,4.6,2,E200403161401
73.56,-54.35,0.12,2004,4,11,4,7,36,73,-55,4.6,5a,E200404110407
66.43,-38.06,0.5,2004,5,26,12,0,16,66.25,-38.75,4.8,2,E200405261200
75.55,-58.34,0.32,2004,6,3,4,38,48,75.75,-59.25,4.8,4c,E200406030438
66.44,-38.42,0.7,2004,6,25,5,58,56,66.5,-38.5,4.9,2,E200406250558
66.51,-38.84,0.32,2004,6,25,6,5,28,66.25,-38.75,4.9,2,E200406250605
71.83,-51.58,0.33,2004,7,2,6,15,20,71.25,-51.75,4.8,6,E200407020615
66.38,-38.18,0.28,2004,7,6,10,15,12,66.25,-38.25,4.8,2,E200407061015
66.31,-38.3,0.27,2004,7,6,10,22,48,65.75,-37.75,4.7,2,E200407061022
66.45,-38.98,0.44,2004,7,21,12,33,36,66.75,-38.25,4.8,2,E200407211233
68.61,-32.84,0.29,2004,8,1,9,27,4,69,-33,4.8,1,E200408010927
66.41,-38.26,0.36,2004,8,11,7,22,40,66.75,-39.25,4.8,2,E200408110722
72.01,-28.6,0.6,2004,8,12,13,8,8,72.75,-29.75,4.9,0,E200408121308
66.4,-38.15,0.37,2004,8,13,19,34,0,66.25,-38.25,4.9,2,E200408131934
75.71,-58.16,0.39,2004,8,22,14,9,44,75.75,-57.25,4.7,4c,E200408221409
76.07,-59.39,0.33,2004,8,26,17,0,8,75.75,-58.25,4.8,4b,E200408261700
68.67,-33.2,0.33,2004,9,20,5,11,4,68.5,-33.5,4.8,1,E200409200511
73.06,-54.46,0.35,2004,9,26,7,46,16,72.75,-54.25,4.8,5b,E200409260746
68.67,-33.27,0.74,2004,11,1,16,39,12,69.25,-32.25,5,1,E200411011639
66.45,-38.16,0.29,2004,11,2,22,6,40,67,-37,4.8,2,E200411022206
75.92,-59.74,0.43,2004,11,20,7,29,28,75.75,-60.75,4.9,4b,E200411200729
75.98,-59.84,0.37,2004,11,24,3,44,24,76.25,-60.75,4.8,4b,E200411240344
68.74,-33.53,0.3,2004,11,24,20,55,12,69.5,-33.5,4.7,1,E200411242055
76.09,-59.51,0.43,2004,12,16,14,53,12,76.25,-61.75,4.8,4b,E200412161453
75.99,-59.6,0.37,2004,12,30,17,6,0,76.25,-60.75,4.8,4b,E200412301706
75.63,-57.88,0.49,2005,1,2,7,26,8,75.5,-59.5,4.8,4c,E200501020726
68.69,-33.22,1,2005,1,12,20,39,12,68.75,-33.25,5.1,1,E200501122039
66.53,-38.49,0.84,2005,2,11,6,55,20,66.75,-38.75,5,2,E200502110655
66.5,-38.42,0.59,2005,2,19,13,29,28,66.5,-38.5,4.8,2,E200502191329
68.65,-32.6,0.35,2005,3,20,8,5,4,68.5,-32.5,4.8,1,E200503200805
66.42,-38.01,0.39,2005,4,5,13,3,28,66.5,-38.5,4.9,2,E200504051303
68.81,-32.92,0.45,2005,4,6,16,41,20,68.75,-32.75,4.9,1,E200504061641
66.48,-38.72,0.51,2005,4,23,2,10,8,66.75,-37.75,5,2,E200504230210
68.68,-33.07,0.49,2005,4,26,6,13,28,68.25,-33.75,4.8,1,E200504260613
66.44,-38.04,0.52,2005,5,12,17,23,20,67.25,-37.25,5,2,E200505121723
66.47,-38.22,0.68,2005,5,12,19,16,56,66.25,-38.25,4.9,2,E200505121916
75.91,-59.95,0.4,2005,6,11,16,10,48,76.25,-61.75,4.8,4b,E200506111610
66.52,-38.54,0.43,2005,6,16,13,57,44,66.5,-39.5,4.9,2,E200506161357
66.39,-38.3,0.51,2005,7,11,21,53,20,66.25,-39.25,4.8,2,E200507112153
71.81,-51.77,0.5,2005,7,17,2,30,56,71.5,-51.5,4.8,6,E200507170230
65.24,-41.48,0.37,2005,7,28,0,45,4,65.25,-41.25,4.8,3,E200507280045
72.01,-28.45,0.43,2005,7,28,12,22,40,72.25,-27.75,4.8,0,E200507281222
69.32,-49.59,0.41,2005,7,30,20,28,56,69.25,-49.25,4.8,7,E200507302028
71.9,-28.38,0.37,2005,8,2,13,28,40,72.25,-29.75,4.8,0,E200508021328
72.89,-54.23,0.26,2005,8,3,0,58,0,73.5,-53.5,4.7,5b,E200508030058
66.42,-38.29,0.5,2005,8,11,6,1,36,66.75,-38.75,4.9,2,E200508110601
66.42,-38.21,0.23,2005,8,11,6,40,0,65.25,-38.25,4.7,2,E200508110640
77.62,-66.78,0.39,2005,8,12,19,30,56,77.5,-66.5,4.8,4a,E200508121930
66.46,-38.27,0.48,2005,8,14,3,33,12,65.75,-38.25,4.9,2,E200508140333
69.22,-49.68,0.39,2005,8,16,0,56,40,69.75,-49.75,4.8,7,E200508160056
76.03,-59.46,0.46,2005,8,18,1,39,4,76.25,-60.75,4.8,4b,E200508180139
66.39,-38.27,0.25,2005,8,20,7,54,40,67.5,-38.5,4.7,2,E200508200754
67.74,-33.14,0.16,2005,9,18,15,1,52,69.5,-34.5,4.7,11,E200509181501
68.61,-33.16,0.8,2005,9,20,10,7,44,69.5,-32.5,5,1,E200509201007
74.64,-56.46,0.35,2005,10,10,20,15,12,75.25,-56.75,4.8,4e,E200510102015
68.76,-33.19,0.55,2006,2,13,20,29,52,70.25,-30.75,4.8,1,S200602132029X
68.72,-33.19,0.56,2006,2,28,22,44,32,69,-33,4.8,1,S200602282244X
65.28,-41.47,0.27,2006,3,4,23,5,20,65.75,-41.25,4.7,3,S200603042305X
65.26,-41.28,0.36,2006,4,29,11,39,12,65.25,-41.25,4.8,3,S200604291139X
71.81,-51.98,0.41,2006,5,1,6,44,32,72.25,-52.75,4.9,6,S200605010644X
69.31,-49.89,0.24,2006,6,24,10,48,32,69.25,-49.75,4.7,7,S200606241048X
65.32,-41.27,0.36,2006,7,10,18,13,36,65.25,-40.75,4.8,3,S200607101813X
68.75,-33.21,0.15,2006,7,16,3,15,28,69,-31,4.6,1,S200607160315X
71.86,-51.56,0.25,2006,7,16,6,41,52,73.25,-53.25,4.7,6,S200607160641X
69.22,-49.55,0.3,2006,7,25,4,51,44,68.75,-49.75,4.7,7,S200607250451X
77.49,-66.11,0.27,2006,8,10,18,45,20,77.5,-65.5,4.8,4a,S200608101845X
66.48,-38.19,0.32,2006,8,23,17,19,28,65.75,-37.75,4.7,2,S200608231719X
70.56,-28.44,0.31,2006,8,28,7,55,4,69.5,-25.5,4.6,8,S200608280755X
76.05,-59.78,0.72,2006,9,10,4,20,16,77.75,-57.25,4.9,4b,S200609100420X
76.07,-59.41,0.37,2006,10,9,4,3,12,76.5,-60.5,4.8,4b,S200610090403X
76.1,-59.49,0.35,2006,10,14,7,23,20,76,-58,4.8,4b,S200610140723X
75.55,-58.11,0.28,2006,11,5,9,13,4,75.75,-58.25,4.7,4c,S200611050913X
68.64,-33.12,0.58,2006,11,28,10,55,44,68.75,-32.75,4.9,1,S200611281055X
74.6,-56.39,0.2,2006,12,19,16,57,44,74.75,-57.75,4.8,4e,S200612191657X
66.31,-38.09,0.31,2007,4,22,8,55,4,66.25,-38.25,4.7,2,S200704220855X
76.06,-59.91,0.45,2007,4,23,21,56,56,75.25,-58.25,4.8,4b,S200704232156X
77.71,-66.28,0.26,2007,5,30,2,57,12,77.5,-63.5,4.7,4a,S200705300257X
76.01,-59.81,0.38,2007,6,9,5,16,56,75.75,-60.75,4.8,4b,S200706090516X
69.35,-49.78,0.48,2007,7,4,16,55,20,69.25,-49.75,4.9,7,S200707041655X
66.36,-38.35,0.48,2007,7,9,1,8,16,66.25,-37.25,4.8,2,S200707090108X
66.44,-38.29,0.28,2007,7,9,2,42,8,66.75,-38.25,4.7,2,S200707090242X
74.61,-56.08,0.18,2007,7,9,5,31,12,75,-57,4.6,4e,S200707090531X
68.65,-33.17,0.35,2007,7,20,0,36,16,69.25,-33.25,4.7,1,S200707200036X
75.94,-59.86,0.63,2007,7,24,23,3,12,77.25,-60.75,4.9,4b,S200707242303X
66.47,-38.49,0.35,2007,7,26,22,42,48,66.5,-38.5,4.7,2,S200707262242X
71.83,-51.55,0.24,2007,8,3,19,25,12,72.25,-52.25,4.8,6,S200708031925X
66.4,-38.34,0.44,2007,8,13,20,37,52,66.25,-38.75,4.8,2,S200708132037X
74.63,-56.21,0.43,2007,8,25,9,19,4,75.25,-56.75,4.9,4e,S200708250919X
71.83,-51.13,0.18,2007,9,11,22,42,0,70.25,-50.75,4.6,6,S200709112242X
74.62,-56.19,0.29,2007,10,13,5,55,12,74.75,-56.75,4.8,4e,S200710130555X
66.49,-38.33,0.73,2007,11,21,18,4,56,66.25,-38.75,5,2,S200711211804X
68.72,-33.41,0.36,2007,11,24,0,8,56,68.5,-33.5,4.8,1,S200711240008X
66.33,-38.33,0.96,2007,11,24,12,54,32,66.5,-38.5,4.9,2,S200711241254X
66.39,-38.34,0.42,2007,11,24,13,29,52,67.25,-38.25,4.8,2,S200711241329X
74.65,-56.01,0.41,2007,12,14,6,39,36,75.25,-56.75,4.9,4e,S200712140639X
66.44,-38.21,0.54,2007,12,31,14,40,56,66.25,-38.75,4.9,2,S200712311440X
72.92,-54.54,0.26,2008,2,14,5,12,24,72.75,-55.75,4.8,5b,S200802140512X
76.13,-59.65,0.4,2008,4,5,21,6,8,75.5,-56.5,4.8,4b,S200804052106X
74.76,-55.99,0.19,2008,4,7,13,58,0,74.25,-56.75,4.7,4e,S200804071358X
65.38,-40.98,0.28,2008,5,4,12,52,40,65.5,-41.5,4.8,3,S200805041252X
69.18,-49.41,0.43,2008,5,28,21,6,40,70.75,-49.25,4.7,7,S200805282106X
69.28,-49.39,0.23,2008,6,12,17,20,8,69,-49,4.7,7,S200806121720X
75.94,-59.97,0.32,2008,6,13,15,40,40,75.75,-57.75,4.8,4b,S200806131540X
74.75,-55.84,0.31,2008,6,19,15,20,0,74.75,-58.25,4.8,4e,S200806191520X
69.25,-49.52,0.23,2008,7,13,4,59,44,69.5,-49.5,4.8,7,S200807130459X
66.53,-38.22,0.29,2008,8,1,14,43,20,66.5,-38.5,4.8,2,S200808011443X
66.33,-38.58,0.41,2008,8,1,23,0,40,66.75,-39.25,4.8,2,S200808012300X
76.03,-59.8,1.09,2008,8,14,20,58,24,77.75,-58.75,5,4b,S200808142058X
66.48,-38.34,0.34,2008,8,19,21,5,28,66.25,-38.25,4.8,2,S200808192105X
68.66,-32.89,0.59,2008,11,3,16,44,48,68.75,-33.75,4.9,1,S200811031644X
77.8,-66.4,0.28,2008,11,7,13,44,24,77.5,-66.5,4.7,4a,S200811071344X
75.98,-59.68,0.72,2008,11,21,20,31,52,76,-58,4.9,4b,S200811212031X
68.69,-33.28,0.55,2008,11,25,4,10,40,68.5,-33.5,4.9,1,S200811250410X
68.67,-33.19,0.88,2008,12,13,14,47,52,68,-34,5,1,S200812131447X
71.8,-51.82,0.58,2009,1,8,16,11,4,72.5,-52.5,4.8,6,S200901081611A
66.4,-38.22,0.18,2009,2,6,18,51,36,65.75,-38.25,4.7,2,S200902061851A
66.49,-38.31,0.4,2009,2,6,18,59,4,66.25,-38.25,4.8,2,S200902061859A
73.08,-54.18,0.29,2009,2,7,19,14,32,74.25,-57.25,4.7,5b,S200902071914A
66.45,-38.33,0.51,2009,2,11,13,13,12,66.25,-38.25,4.9,2,S200902111313A
66.41,-38.22,0.56,2009,4,19,19,7,20,66.75,-38.75,4.9,2,S200904191907A
66.39,-38.46,0.7,2009,4,26,9,55,28,66.75,-37.75,4.9,2,S200904260955A
66.48,-38.11,0.32,2009,4,27,10,54,40,66.25,-38.75,4.7,2,S200904271054A
66.44,-38.04,0.25,2009,5,11,21,55,52,66.5,-37.5,4.8,2,S200905112155A
66.45,-38.45,0.77,2009,5,13,2,11,28,66.75,-36.25,4.9,2,S200905130211A
69.34,-49.84,0.26,2009,5,23,10,41,52,69.75,-50.25,4.7,7,S200905231041A
69.18,-49.7,0.34,2009,5,23,10,52,48,69.25,-48.25,4.7,7,S200905231052A
69.17,-49.37,0.25,2009,5,25,12,42,40,69.25,-48.25,4.7,7,S200905251242A
66.44,-38.47,0.38,2009,5,26,21,7,44,66.5,-38.5,4.7,2,S200905262107A
76.11,-59.37,0.35,2009,6,14,0,2,24,76.5,-61.5,4.8,4b,S200906140002A
69.25,-49.6,0.45,2009,6,18,16,24,48,69.75,-49.75,4.8,7,S200906181624A
69.24,-49.49,0.9,2009,6,26,13,27,36,68.75,-50.25,4.9,7,S200906261327A
73.09,-54.25,0.19,2009,7,3,7,20,0,73,-55,4.7,5b,S200907030720A
75,-56.75,0.44,2009,7,22,0,20,0,76,-54,4.8,4d,S200907220020A
65.32,-41.24,0.25,2009,7,22,21,16,24,65,-41,4.7,3,S200907222116A
69.18,-49.52,0.38,2009,8,11,20,12,8,69.25,-51.25,4.8,7,S200908112012A
75.61,-58.32,0.28,2009,8,20,0,16,40,75.5,-57.5,4.7,4c,S200908200016A
69.2,-49.55,0.44,2009,8,21,7,2,24,69.75,-49.75,4.8,7,S200908210702A
75.71,-58.08,0.27,2009,8,23,7,24,0,75.5,-58.5,4.8,4c,S200908230724A
66.41,-38.33,0.36,2009,8,26,22,59,20,66.25,-38.75,4.8,2,S200908262259A
76.06,-59.58,0.44,2009,9,19,22,31,4,76,-62,4.8,4b,S200909192230A
66.52,-38.5,0.46,2009,11,5,21,7,44,66.25,-38.25,4.8,2,S200911052107A
75.97,-59.55,0.56,2009,11,22,17,15,20,76.25,-60.75,4.9,4b,S200911221715A
68.57,-33.12,0.75,2009,11,27,8,52,32,69,-33,4.9,1,S200911270852A
76.04,-59.44,0.55,2009,12,2,10,31,12,75.25,-58.25,4.9,4b,S200912021031A
68.65,-33.81,0.23,2009,12,5,5,0,24,69.75,-34.25,4.7,1,S200912050500A
68.63,-33.08,0.51,2009,12,28,2,50,32,69.5,-33.5,4.8,1,S200912280250A
68.73,-33.1,0.51,2010,1,26,10,52,56,68.75,-33.75,4.9,1,S201001261052A
76.05,-59.87,0.28,2010,1,27,15,37,44,75.5,-59.5,4.7,4b,S201001271537A
68.69,-33.3,0.19,2010,2,4,0,16,56,69,-33,4.6,1,S201002040016A
66.41,-38.37,0.29,2010,2,11,1,17,4,67.25,-38.25,4.7,2,S201002110116A
69.19,-49.52,0.29,2010,2,21,4,12,24,69.25,-48.25,4.7,7,S201002210412A
69.27,-49.5,0.3,2010,3,19,1,12,48,69.5,-50.5,4.7,7,S201003190112A
76.14,-59.65,0.23,2010,3,22,5,55,12,75.75,-60.75,4.7,4b,S201003220555A
69.25,-49.38,0.28,2010,4,14,14,10,40,68.5,-48.5,4.7,7,S201004141410A
69.34,-49.69,0.44,2010,5,21,3,56,16,68.75,-50.25,4.8,7,S201005210356A
69.3,-49.52,0.85,2010,5,27,11,23,44,69.25,-45.75,4.9,7,S201005271123A
69.27,-49.4,0.36,2010,6,17,9,24,24,68.25,-46.25,4.8,7,S201006170924A
66.39,-38.29,0.29,2010,6,21,9,34,56,67.25,-37.75,4.7,2,S201006210934A
66.46,-38.32,0.58,2010,7,12,17,49,44,66.5,-37.5,4.9,2,S201007121749A
66.41,-38.48,0.36,2010,7,15,8,53,36,66.5,-38.5,4.8,2,S201007150853A
69.28,-49.24,0.44,2010,7,15,11,20,32,69,-49,4.8,7,S201007151120A
75.97,-60.01,0.43,2010,7,17,3,51,12,75.25,-58.25,4.8,4b,S201007170351A
75.96,-59.81,0.74,2010,7,27,15,7,44,76.25,-62.75,4.9,4b,S201007271507A
66.45,-38.34,0.7,2010,8,4,2,27,20,65.75,-39.75,4.9,2,S201008040227A
69.17,-49.24,0.75,2010,8,19,16,0,40,69,-51,4.9,7,S201008191600A
73.11,-54.3,0.36,2010,9,5,11,56,56,73,-55,4.8,5b,S201009051156A
73.13,-54.3,0.54,2010,10,10,3,13,4,72.75,-54.75,4.9,5b,S201010100313A
75.99,-59.8,0.47,2010,10,24,13,13,44,75.75,-60.75,4.9,4b,S201010241313A
71.84,-51.78,0.22,2010,10,27,1,44,16,71.75,-51.75,4.8,6,S201010270144A
73.14,-54.66,0.37,2010,11,7,8,18,48,73,-55,4.8,5b,S201011070819A
68.69,-32.99,0.4,2010,11,22,13,16,0,68.25,-34.25,4.8,1,S201011221316A
68.68,-33.26,0.26,2010,11,24,12,58,0,69.5,-33.5,4.7,1,S201011241258A
76.02,-59.59,0.48,2010,11,24,20,51,12,76.25,-60.25,4.8,4b,S201011242051A
65.8,-39.64,0.35,2010,12,5,17,40,56,66.5,-39.5,4.8,3,S201012051740A
68.72,-33.02,0.49,2010,12,14,23,49,20,68,-34,4.9,1,S201012142349A
73.04,-54.53,0.36,2010,12,29,0,56,40,73.25,-55.75,4.8,5b,S201012290056A
71.79,-51.57,0.33,2011,1,2,4,47,44,72.25,-54.25,4.8,6,S201101020447A
68.74,-33.18,0.6,2011,1,5,21,5,20,69.25,-32.75,4.9,1,S201101052105A
73.1,-54.1,0.31,2011,1,6,12,16,8,73.25,-54.75,4.8,5b,S201101061216A
76.11,-59.51,0.53,2011,1,14,3,29,44,75.5,-60.5,4.9,4b,S201101140329A
69.23,-49.33,0.23,2011,1,21,8,32,0,69.5,-50.5,4.8,7,S201101210832A
76.12,-59.49,0.5,2011,3,24,7,48,0,75.75,-60.25,4.9,4b,S201103240748A
73,-54.31,0.43,2011,4,1,5,45,20,73,-55,5,5b,S201104010545A
73.1,-54.07,0.15,2011,5,26,20,13,12,72.75,-53.75,4.7,5b,S201105262013A
66.44,-38.3,0.23,2011,6,21,14,9,28,66.75,-36.75,4.8,2,S201106211409A
73.02,-54.6,0.35,2011,6,22,15,17,4,73,-49,4.9,5b,S201106221517A
66.49,-38.26,0.17,2011,6,25,13,17,28,66.5,-38.5,4.7,2,S201106251317A
69.24,-49.64,0.17,2011,6,26,10,31,28,69.5,-49.5,4.7,7,S201106261031A
76.01,-59.77,0.62,2011,6,26,17,53,28,76.25,-60.25,4.9,4b,S201106261753A
74.66,-56.22,0.19,2011,6,29,1,50,16,74.75,-56.25,4.7,4e,S201106290150A
69.24,-49.89,0.5,2011,7,12,21,1,20,69.75,-52.75,5,7,S201107122101A
77.67,-65.85,0.27,2011,7,19,14,42,48,77.5,-66.5,4.7,4a,S201107191442A
72.9,-54.47,0.65,2011,7,21,4,25,44,73.25,-54.25,5,5b,S201107210425A
74.64,-55.94,0.33,2011,7,27,15,14,32,74.5,-54.5,4.8,4e,S201107271514A
73.58,-55.66,0.42,2011,8,4,9,5,4,73.25,-53.25,4.8,5a,S201108040905A
71.69,-51.84,0.24,2011,8,6,23,10,40,72.5,-51.5,4.7,6,S201108062310A
73.07,-54.14,0.45,2011,8,10,7,32,24,73.5,-56.5,4.9,5b,S201108100732A
69.25,-49.53,0.21,2011,8,18,12,32,0,69,-51,4.7,7,S201108181231A
76.16,-59.8,0.43,2011,8,26,18,20,48,76.25,-60.75,5,4b,S201108261820A
75.96,-59.5,0.27,2011,8,26,18,31,20,76.75,-60.75,4.8,4b,S201108261831A
70.79,-50.73,0.21,2011,9,14,23,20,40,71,-51,4.7,9,S201109142320A
68.55,-32.94,0.15,2011,9,19,13,51,44,68,-34,4.7,1,S201109191351A
72.83,-54.19,0.24,2011,10,10,16,22,8,73.5,-55.5,4.8,5b,S201110101622A
75.73,-57.96,0.17,2011,10,21,7,26,40,75.75,-58.25,4.7,4c,S201110210726A
73.13,-54.56,0.37,2011,10,27,9,39,28,73.25,-54.25,4.9,5b,S201110270939A
76.13,-59.2,0.42,2011,11,24,2,21,12,76,-62,4.9,4b,S201111240221A
72.98,-54.23,0.44,2011,11,30,9,58,0,73.25,-56.75,4.9,5b,S201111300958A
66.42,-38.16,0.21,2011,12,4,4,1,28,66.25,-38.75,4.7,2,S201112040401A
68.73,-33.45,0.23,2011,12,5,7,25,36,68.25,-33.25,4.7,1,S201112050725A
73.54,-55.21,0.22,2011,12,7,22,8,56,73,-59,4.8,5a,S201112072208A
69.23,-49.34,0.26,2011,12,21,15,40,8,69.25,-49.75,4.8,7,S201112211540A
73.03,-54.38,0.5,2012,1,3,11,11,28,72.75,-54.75,5,5b,S201201031111A
66.41,-38.24,0.37,2012,1,17,1,54,24,66.75,-37.25,4.8,2,S201201170154A
72.94,-54.44,0.27,2012,1,29,11,10,0,72.75,-59.25,4.9,5b,S201201291110A
69.18,-49.52,0.14,2012,2,12,13,44,32,69,-49,4.7,7,S201202121344A
69.1,-49.25,0.24,2012,2,12,16,16,32,69.25,-48.75,4.7,7,S201202121616A
76.12,-59.69,0.27,2012,3,18,18,21,36,75.5,-58.5,4.8,4b,S201203181821A
73.04,-54.38,0.28,2012,3,31,8,55,44,73.25,-54.75,4.8,5b,S201203310855A
66.35,-38.28,0.35,2012,4,9,10,11,28,66.25,-38.25,4.9,2,S201204091011A
66.43,-38.33,0.25,2012,4,14,1,48,48,65.75,-38.25,4.7,2,S201204140148A
75.94,-59.29,0.61,2012,4,24,4,46,24,75.75,-59.25,5,4b,S201204240446A
73.01,-54.45,0.22,2012,5,3,8,27,44,73.25,-53.75,4.7,5b,S201205030827A
72.99,-54.56,0.33,2012,6,15,9,16,0,73.75,-60.25,4.9,5b,S201206150916B
69.33,-49.93,0.13,2012,6,26,3,2,8,69.5,-48.5,4.7,7,S201206260302A
73.11,-54.3,0.28,2012,6,30,14,44,8,73.25,-54.75,4.8,5b,S201206301444A
66.38,-38.39,0.13,2012,7,7,20,37,36,66.75,-37.75,4.7,2,S201207072037B
66.39,-38.21,0.33,2012,7,7,20,44,16,65.75,-38.25,4.8,2,S201207072044A
69.15,-49.58,0.26,2012,7,8,20,21,52,69.75,-49.75,4.8,7,S201207082022A
69.26,-49.83,0.28,2012,7,8,20,46,24,68.75,-50.75,4.7,7,S201207082046A
69.18,-49.84,0.15,2012,7,8,21,5,12,69.75,-51.25,4.7,7,S201207082105A
73.1,-55.18,0.54,2012,7,18,1,26,56,73.25,-54.75,5,5b,S201207180126A
77.61,-66.03,0.16,2012,7,20,18,1,20,77.5,-66.5,4.7,4a,S201207201801A
66.43,-38.68,0.26,2012,7,25,5,3,20,66.5,-39.5,4.8,2,S201207250503A
76.06,-59.23,0.34,2012,7,31,9,30,8,76.5,-62.5,4.8,4b,S201207310930A
69.17,-49.42,0.19,2012,8,2,23,10,24,69,-51,4.8,7,S201208022310A
75.91,-59.58,0.3,2012,8,5,0,23,12,75.75,-59.75,4.8,4b,S201208050023A
73.14,-54.44,0.25,2012,8,8,0,54,16,73.5,-55.5,4.9,5b,S201208080054A
73.48,-55.22,0.33,2012,8,11,3,27,28,73.25,-54.75,4.8,5a,S201208110327A
73.62,-54.94,0.13,2012,8,11,3,44,16,73.75,-57.25,4.6,5a,S201208110344A
71.81,-51.66,0.2,2012,8,12,16,21,36,71,-51,4.8,6,S201208121621A
73.03,-54.42,0.73,2012,8,19,6,32,8,72.75,-55.75,5,5b,S201208190632A
66.4,-38.38,0.16,2012,8,23,18,56,48,66.5,-39.5,4.6,2,S201208231856A
66.36,-38.29,0.56,2012,8,23,19,19,52,66.75,-37.25,5,2,S201208231919A
77.72,-66.27,0.24,2012,8,24,4,1,12,77.5,-67.5,4.7,4a,S201208240401A
69.17,-49.69,0.68,2012,9,2,8,20,16,68.75,-50.25,5,7,S201209020820A
69.11,-49.59,0.39,2012,9,7,9,15,28,69.25,-50.25,4.8,7,S201209070915A
69.06,-49.79,0.19,2012,9,22,14,46,56,68.75,-48.75,4.7,7,S201209221446A
69.19,-49.51,0.2,2012,9,24,12,53,28,69.25,-50.25,4.8,7,S201209241253A
66.34,-38.52,0.33,2012,9,27,18,29,28,66.25,-38.75,4.8,2,S201209271829A
66.4,-38.38,0.56,2012,9,27,23,47,28,67.25,-38.25,5,2,S201209272347A
73.04,-54.65,0.65,2012,10,11,19,31,36,70.5,-55.5,5,5b,S201210111931A
65.27,-41,0.2,2012,10,26,19,5,4,64.75,-41.75,4.7,3,S201210261905A
74.58,-56.18,0.41,2012,11,4,4,9,52,74.5,-55.5,4.8,4e,S201211040409A
71.73,-51.83,0.32,2012,11,7,7,15,28,72.25,-53.25,4.8,6,S201211070715A
77.69,-65.84,0.2,2012,11,21,1,53,52,77.25,-65.75,4.7,4a,S201211210153A
69.15,-49.46,0.62,2012,11,24,16,6,16,69.25,-50.25,5,7,S201211241606A
68.57,-33.16,0.33,2012,12,5,16,27,4,68.25,-34.75,4.8,1,S201212051626A
68.7,-33.01,0.25,2012,12,15,2,38,24,69.25,-34.75,4.7,1,S201212150238A
71.75,-51.8,0.31,2012,12,25,10,21,44,72.25,-52.25,4.8,6,S201212251021A
75.02,-56.55,0.24,2013,1,1,10,13,20,74.5,-57.5,4.8,4d,S201301011013A
69.1,-49.32,0.71,2013,1,12,9,17,28,68.75,-49.25,5,7,S201301120917A
74.52,-55.84,0.36,2013,1,23,9,53,28,74.25,-55.75,4.8,4e,S201301230953A
71.59,-51.64,0.24,2013,2,21,11,13,12,72.5,-53.5,4.8,6,S201302211113A
66.48,-38.41,0.6,2013,3,4,11,41,28,66.75,-37.75,5,2,S201303041141A
66.44,-38.37,0.24,2013,3,14,3,46,56,65.75,-38.75,4.8,2,S201303140346A
69.25,-49.74,0.29,2013,3,29,9,5,52,69.25,-49.75,4.8,7,S201303290905A
73,-54.49,0.22,2013,4,3,3,8,0,73.5,-54.5,4.8,5b,S201304030308A
69.13,-49.54,0.48,2013,4,6,2,58,48,69.5,-50.5,4.8,7,S201304060258A
77.59,-66.27,0.27,2013,4,8,23,38,16,77.75,-68.25,4.8,4a,S201304082338A
66.4,-38.1,0.16,2013,4,13,11,40,0,65.25,-36.25,4.7,2,S201304131140A
66.32,-38.27,0.17,2013,4,27,13,48,40,67.25,-37.75,4.6,2,S201304271348A
66.46,-38.39,0.18,2013,4,28,7,26,24,66.5,-38.5,4.7,2,S201304280726A
69.2,-49.4,0.54,2013,5,23,12,45,36,69,-51,4.8,7,S201305231245A
76.06,-59.67,0.45,2013,6,14,17,16,48,75.75,-57.75,4.8,4b,S201306141716A
69.28,-49.77,0.56,2013,6,17,3,49,28,69.25,-49.75,4.9,7,S201306170349A
69.11,-49.59,0.2,2013,6,21,6,30,40,68.75,-49.25,4.7,7,S201306210630A
66.4,-38.4,0.59,2013,6,23,14,35,4,66.25,-38.25,4.9,2,S201306231435A
69.17,-49.47,0.19,2013,6,24,17,50,0,68.75,-50.25,4.7,7,S201306241749A
69.15,-49.52,0.56,2013,6,27,20,11,36,68.75,-49.75,4.9,7,S201306272011A
76.08,-59.49,0.56,2013,7,1,2,2,40,75.5,-59.5,4.9,4b,S201307010202A
69.09,-49.29,0.29,2013,7,1,4,5,28,69.5,-49.5,4.8,7,S201307010405A
69.09,-49.11,0.48,2013,7,3,8,19,36,69.25,-48.75,4.9,7,S201307030819A
69.14,-49.51,0.19,2013,7,4,2,9,28,69.5,-48.5,4.8,7,S201307040209A
69.3,-49.62,1.07,2013,7,16,23,41,20,69,-51,5.1,7,S201307162341B
66.49,-38.42,0.24,2013,7,25,3,13,36,66.5,-38.5,4.8,2,S201307250313A
66.48,-38.31,0.38,2013,7,25,12,56,32,66.5,-38.5,4.9,2,S201307251256A
66.43,-38.36,0.34,2013,7,30,20,1,28,66.25,-38.25,4.8,2,S201307302001A
65.22,-41.18,0.17,2013,7,31,14,59,28,65.5,-41.5,4.7,3,S201307311459A
66.34,-38.29,0.18,2013,7,31,19,21,12,66.75,-38.75,4.7,2,S201307311921A
70.94,-50.46,0.28,2013,8,4,22,5,12,71,-51,4.8,9,S201308042205A
73.04,-54.43,0.6,2013,8,4,23,0,48,71.5,-58.5,4.9,5b,S201308042301A
66.44,-38.86,0.17,2013,8,8,6,49,52,65.5,-38.5,4.7,2,S201308080649A
69.13,-49.4,0.21,2013,8,9,15,16,56,69.25,-49.25,4.7,7,S201308091516A
69.24,-49.44,0.54,2013,8,11,11,26,0,69.25,-48.75,5,7,S201308111126A
69.06,-49.56,0.31,2013,8,11,11,49,44,69,-49,4.8,7,S201308111149A
66.44,-38.34,0.31,2013,8,14,23,41,36,67.25,-37.75,4.8,2,S201308142341A
66.39,-38.34,0.18,2013,8,14,23,50,32,65.75,-38.75,4.7,2,S201308142350A
73.01,-54.27,0.59,2013,8,19,12,16,56,73,-55,4.9,5b,S201308191217A
74.95,-57.09,0.54,2013,8,24,7,25,52,75,-57,4.9,4d,S201308240725A
69.15,-49.57,0.46,2013,9,9,9,0,0,70.5,-48.5,4.8,7,S201309090900A
69.25,-49.44,0.34,2013,9,10,18,59,28,69.25,-47.75,4.8,7,S201309101859A
69.36,-49.84,0.73,2013,9,11,3,4,16,68,-50,5,7,S201309110304A
73.09,-54.07,0.49,2013,9,15,14,8,32,75,-49,4.9,5b,S201309151408A
74.72,-56.42,0.35,2013,9,19,10,34,40,74.5,-55.5,4.7,4e,S201309191034A
75.95,-59.84,0.22,2013,9,29,14,37,12,75.75,-62.25,4.8,4b,S201309291437A
75.89,-59.57,0.42,2013,10,3,3,35,4,75.75,-59.75,4.9,4b,S201310030335A
76.13,-59.58,0.62,2013,10,5,23,28,56,76.25,-59.75,4.9,4b,S201310052329A
75.99,-59.62,0.28,2013,10,7,18,16,8,75.5,-62.5,4.7,4b,S201310071816A
72.98,-54.06,0.33,2013,10,14,2,3,28,72,-54,5,5b,S201310140203A
72.99,-53.78,0.29,2013,11,7,11,2,0,73,-55,4.9,5b,S201311071102A
69.2,-49.77,0.3,2013,11,22,7,26,16,69.25,-49.75,4.9,7,S201311220726A
74.99,-56.7,0.26,2013,11,23,22,11,20,74.75,-57.25,4.7,4d,S201311232211A
69.12,-49.53,0.33,2013,12,5,9,54,16,68.75,-49.75,4.8,7,S201312050954A
73.01,-54.48,0.46,2013,12,10,3,37,44,73.25,-54.75,5,5b,S201312100337A
75.96,-59.58,0.63,2013,12,27,10,4,16,75.5,-64.5,4.9,4b,S201312271003A