<?xml version="1.0" encoding="UTF-8"?>
<!DOCTYPE GranuleMetaDataFile SYSTEM "http://ecsinfo.gsfc.nasa.gov/ECSInfo/ecsmetadata/dtds/DPL/ECS/ScienceGranuleMetadata.dtd">
<GranuleMetaDataFile>
    <DTDVersion>1.0</DTDVersion>
    <DataCenterId>NSIDC</DataCenterId>
    <GranuleURMetaData>
        <GranuleUR>SC:RDGBV4.001:86889509</GranuleUR>
        <DbID>86889509</DbID>
        <InsertTime>2016-11-11 11:12:30.184</InsertTime>
        <LastUpdate>2016-11-11 11:12:30.184</LastUpdate>
        <CollectionMetaData>
            <ShortName>RDGBV4</ShortName>
            <VersionID>001</VersionID>
        </CollectionMetaData>
        <DataFiles>
            <DataFileContainer>
                <DistributedFileName>RDGBV4_Greenland_1993_2013_01_balance_velocity_9ka.nc</DistributedFileName>
                <FileSize>45687938</FileSize>
                <ChecksumType>MD5</ChecksumType>
                <Checksum>ae46a1aaeaf96d5925464ed83632afa7</Checksum>
                <ChecksumOrigin>DPLIngst</ChecksumOrigin>
            </DataFileContainer>
        </DataFiles>
        <ECSDataGranule>
            <SizeMBECSDataGranule>43.5714</SizeMBECSDataGranule>
            <LocalGranuleID>RDGBV4_Greenland_1993_2013_01_balance_velocity_9ka.nc</LocalGranuleID>
            <ProductionDateTime>2016-10-21 14:21:39.000</ProductionDateTime>
            <LocalVersionID>001</LocalVersionID>
        </ECSDataGranule>
        <RangeDateTime>
            <RangeEndingTime>23:59:59.000000</RangeEndingTime>
            <RangeEndingDate>2013-04-26</RangeEndingDate>
            <RangeBeginningTime>00:00:01.000000</RangeBeginningTime>
            <RangeBeginningDate>1993-06-23</RangeBeginningDate>
        </RangeDateTime>
        <SpatialDomainContainer>
            <HorizontalSpatialDomainContainer>
                <GPolygon>
                    <Boundary>
                        <Point>
                            <PointLongitude>-88.33</PointLongitude>
                            <PointLatitude>81.51</PointLatitude>
                        </Point>
                        <Point>
                            <PointLongitude>6.62</PointLongitude>
                            <PointLatitude>81.51</PointLatitude>
                        </Point>
                        <Point>
                            <PointLongitude>6.62</PointLongitude>
                            <PointLatitude>58.91</PointLatitude>
                        </Point>
                        <Point>
                            <PointLongitude>-88.33</PointLongitude>
                            <PointLatitude>58.91</PointLatitude>
                        </Point>
                    </Boundary>
                </GPolygon>
            </HorizontalSpatialDomainContainer>
        </SpatialDomainContainer>
        <Platform>
            <PlatformShortName>P-3B</PlatformShortName>
            <Instrument>
                <InstrumentShortName>MCoRDS</InstrumentShortName>
                <Sensor>
                    <SensorShortName>MCoRDS</SensorShortName>
                </Sensor>
            </Instrument>
            <Instrument>
                <InstrumentShortName>ACORDS</InstrumentShortName>
                <Sensor>
                    <SensorShortName>ACORDS</SensorShortName>
                </Sensor>
            </Instrument>
            <Instrument>
                <InstrumentShortName>MCRDS</InstrumentShortName>
                <Sensor>
                    <SensorShortName>MCRDS</SensorShortName>
                </Sensor>
            </Instrument>
            <Instrument>
                <InstrumentShortName>ICORDS</InstrumentShortName>
                <Sensor>
                    <SensorShortName>ICORDS</SensorShortName>
                </Sensor>
            </Instrument>
        </Platform>
        <Platform>
            <PlatformShortName>DC-8</PlatformShortName>
            <Instrument>
                <InstrumentShortName>MCoRDS</InstrumentShortName>
                <Sensor>
                    <SensorShortName>MCoRDS</SensorShortName>
                </Sensor>
            </Instrument>
            <Instrument>
                <InstrumentShortName>ACORDS</InstrumentShortName>
                <Sensor>
                    <SensorShortName>ACORDS</SensorShortName>
                </Sensor>
            </Instrument>
            <Instrument>
                <InstrumentShortName>MCRDS</InstrumentShortName>
                <Sensor>
                    <SensorShortName>MCRDS</SensorShortName>
                </Sensor>
            </Instrument>
            <Instrument>
                <InstrumentShortName>ICORDS</InstrumentShortName>
                <Sensor>
                    <SensorShortName>ICORDS</SensorShortName>
                </Sensor>
            </Instrument>
        </Platform>
        <Campaign>
            <CampaignShortName>MULTI_NASA</CampaignShortName>
        </Campaign>
        <PSAs>
            <PSA>
                <PSAName>SIPSMetGenVersion</PSAName>
                <PSAValue>2.0.1</PSAValue>
            </PSA>
            <PSA>
                <PSAName>ThemeID</PSAName>
                <PSAValue>MULTI_NASA</PSAValue>
            </PSA>
            <PSA>
                <PSAName>AircraftID</PSAName>
                <PSAValue>N426NA</PSAValue>
            </PSA>
            <PSA>
                <PSAName>AircraftID</PSAName>
                <PSAValue>N817NA</PSAValue>
            </PSA>
        </PSAs>
    </GranuleURMetaData>
</GranuleMetaDataFile>

